TScanned ID,TScanned Name,TCheck In
,,2023-03-20
,,2023-03-20
,,2023-03-20
,,2023-03-20
,,2023-03-20
,,2023-03-20
,,2023-03-20
,,2023-03-20
,,2023-03-20
TScanned ID,TScanned Name,TCheck In
TScanned ID,TScanned Name,TCheck In
,,2023-03-20
3,Jaw pilers,2023-03-20
3,Jaw pilers,2023-03-20
3,Jaw pilers,2023-03-20
3,Jaw pilers,2023-03-20
3,Jaw pilers,2023-03-20
3,Jaw pilers,2023-03-20
3,Jaw pilers,2023-03-20
3,Jaw pilers,2023-03-20
3,Jaw pilers,2023-03-20
3,Jaw pilers,2023-03-20
3,Jaw pilers,2023-03-20
3,Jaw pilers,2023-03-20
3,Jaw pilers,2023-03-20
3,Jaw pilers,2023-03-20
3,Jaw pilers,2023-03-20
3,Jaw pilers,2023-03-20
3,Jaw pilers,2023-03-20
3,Jaw pilers,2023-03-20
3,Jaw pilers,2023-03-20
3,Jaw pilers,2023-03-20
3,Jaw pilers,2023-03-20
3,Jaw pilers,2023-03-20
3,Jaw pilers,2023-03-20
,,2023-03-20
,,2023-03-20
,,2023-03-20
,,2023-03-20
,,2023-03-20
,,2023-03-20
,,2023-03-20
TScanned ID,TScanned Name,TCheck In
,,2023-03-20
10,Wrench,2023-03-20
10,Wrench,2023-03-20
10,Wrench,2023-03-20
10,Wrench,2023-03-20
10,Wrench,2023-03-20
10,Wrench,2023-03-20
10,Wrench,2023-03-20
10,Wrench,2023-03-20
10,Wrench,2023-03-20
10,Wrench,2023-03-20
10,Wrench,2023-03-20
10,Wrench,2023-03-20
10,Wrench,2023-03-20
10,Wrench,2023-03-20
10,Wrench,2023-03-20
10,Wrench,2023-03-20
10,Wrench,2023-03-20
10,Wrench,2023-03-20
10,Wrench,2023-03-20
10,Wrench,2023-03-20
10,Wrench,2023-03-20
10,Wrench,2023-03-20
10,Wrench,2023-03-20
10,Wrench,2023-03-20
10,Wrench,2023-03-20
10,Wrench,2023-03-20
10,Wrench,2023-03-20
10,Wrench,2023-03-20
10,Wrench,2023-03-20
10,Wrench,2023-03-20
10,Wrench,2023-03-20
,,2023-03-20
,,2023-03-20
,,2023-03-20
TScanned ID,TScanned Name,TCheck In
,,2023-05-13
,,2023-05-13
,,2023-05-13
,,2023-05-13
,,2023-05-13
,,2023-05-13
,,2023-05-13
,,2023-05-13
,,2023-05-13
,,2023-05-13
,,2023-05-13
TScanned ID,TScanned Name,TCheck In
,,2023-05-13
,,2023-05-13
,,2023-05-13
,,2023-05-13
,,2023-05-13
,,2023-05-13
,,2023-05-13
,,2023-05-13
,,2023-05-13
,,2023-05-13
1,Hammer,2023-05-13
1,Hammer,2023-05-13
1,Hammer,2023-05-13
1,Hammer,2023-05-13
1,Hammer,2023-05-13
1,Hammer,2023-05-13
1,Hammer,2023-05-13
1,Hammer,2023-05-13
1,Hammer,2023-05-13
1,Hammer,2023-05-13
1,Hammer,2023-05-13
1,Hammer,2023-05-13
1,Hammer,2023-05-13
1,Hammer,2023-05-13
1,Hammer,2023-05-13
1,Hammer,2023-05-13
1,Hammer,2023-05-13
1,Hammer,2023-05-13
1,Hammer,2023-05-13
1,Hammer,2023-05-13
1,Hammer,2023-05-13
1,Hammer,2023-05-13
1,Hammer,2023-05-13
1,Hammer,2023-05-13
1,Hammer,2023-05-13
,,2023-05-13
,,2023-05-13
,,2023-05-13
TScanned ID,TScanned Name,TCheck In
,,2023-05-15
,,2023-05-15
,,2023-05-15
1,Hammer,2023-05-15
1,Hammer,2023-05-15
1,Hammer,2023-05-15
1,Hammer,2023-05-15
1,Hammer,2023-05-15
,,2023-05-15
,,2023-05-15
TScanned ID,TScanned Name,TCheck In
,,2023-05-15
,,2023-05-15
,,2023-05-15
,,2023-05-15
,,2023-05-15
,,2023-05-15
,,2023-05-15
,,2023-05-15
,,2023-05-15
,,2023-05-15
,,2023-05-15
,,2023-05-15
TScanned ID,TScanned Name,TCheck In
1,Hammer,2023-05-15
1,Hammer,2023-05-15
1,Hammer,2023-05-15
1,Hammer,2023-05-15
,,2023-05-15
1,Hammer,2023-05-15
1,Hammer,2023-05-15
,,2023-05-15
1,Hammer,2023-05-15
1,Hammer,2023-05-15
,,2023-05-15
1,Hammer,2023-05-15
1,Hammer,2023-05-15
1,Hammer,2023-05-15
1,Hammer,2023-05-15
1,Hammer,2023-05-15
1,Hammer,2023-05-15
1,Hammer,2023-05-15
1,Hammer,2023-05-15
1,Hammer,2023-05-15
1,Hammer,2023-05-15
1,Hammer,2023-05-15
,,2023-05-15
1,Hammer,2023-05-15
1,Hammer,2023-05-15
1,Hammer,2023-05-15
1,Hammer,2023-05-15
1,Hammer,2023-05-15
1,Hammer,2023-05-15
1,Hammer,2023-05-15
1,Hammer,2023-05-15
,,2023-05-15
,,2023-05-15
1,Hammer,2023-05-15
1,Hammer,2023-05-15
1,Hammer,2023-05-15
1,Hammer,2023-05-15
,,2023-05-15
1,Hammer,2023-05-15
1,Hammer,2023-05-15
1,Hammer,2023-05-15
1,Hammer,2023-05-15
1,Hammer,2023-05-15
1,Hammer,2023-05-15
1,Hammer,2023-05-15
,,2023-05-15
,,2023-05-15
,,2023-05-15
1,Hammer,2023-05-15
1,Hammer,2023-05-15
1,Hammer,2023-05-15
1,Hammer,2023-05-15
1,Hammer,2023-05-15
,,2023-05-15
,,2023-05-15
1,Hammer,2023-05-15
1,Hammer,2023-05-15
,,2023-05-15
1,Hammer,2023-05-15
,,2023-05-15
1,Hammer,2023-05-15
1,Hammer,2023-05-15
1,Hammer,2023-05-15
1,Hammer,2023-05-15
1,Hammer,2023-05-15
,,2023-05-15
1,Hammer,2023-05-15
1,Hammer,2023-05-15
1,Hammer,2023-05-15
1,Hammer,2023-05-15
1,Hammer,2023-05-15
1,Hammer,2023-05-15
1,Hammer,2023-05-15
1,Hammer,2023-05-15
1,Hammer,2023-05-15
1,Hammer,2023-05-15
1,Hammer,2023-05-15
1,Hammer,2023-05-15
1,Hammer,2023-05-15
1,Hammer,2023-05-15
1,Hammer,2023-05-15
1,Hammer,2023-05-15
1,Hammer,2023-05-15
1,Hammer,2023-05-15
1,Hammer,2023-05-15
1,Hammer,2023-05-15
1,Hammer,2023-05-15
1,Hammer,2023-05-15
1,Hammer,2023-05-15
1,Hammer,2023-05-15
1,Hammer,2023-05-15
1,Hammer,2023-05-15
1,Hammer,2023-05-15
,,2023-05-15
,,2023-05-15
,,2023-05-15
1,Hammer,2023-05-15
1,Hammer,2023-05-15
,,2023-05-15
1,Hammer,2023-05-15
1,Hammer,2023-05-15
1,Hammer,2023-05-15
1,Hammer,2023-05-15
1,Hammer,2023-05-15
1,Hammer,2023-05-15
,,2023-05-15
,,2023-05-15
,,2023-05-15
,,2023-05-15
1,Hammer,2023-05-15
1,Hammer,2023-05-15
1,Hammer,2023-05-15
1,Hammer,2023-05-15
1,Hammer,2023-05-15
1,Hammer,2023-05-15
1,Hammer,2023-05-15
1,Hammer,2023-05-15
1,Hammer,2023-05-15
1,Hammer,2023-05-15
1,Hammer,2023-05-15
1,Hammer,2023-05-15
1,Hammer,2023-05-15
1,Hammer,2023-05-15
1,Hammer,2023-05-15
1,Hammer,2023-05-15
1,Hammer,2023-05-15
1,Hammer,2023-05-15
1,Hammer,2023-05-15
1,Hammer,2023-05-15
1,Hammer,2023-05-15
,,2023-05-15
1,Hammer,2023-05-15
1,Hammer,2023-05-15
1,Hammer,2023-05-15
,,2023-05-15
,,2023-05-15
1,Hammer,2023-05-15
1,Hammer,2023-05-15
1,Hammer,2023-05-15
1,Hammer,2023-05-15
,,2023-05-15
1,Hammer,2023-05-15
1,Hammer,2023-05-15
,,2023-05-15
,,2023-05-15
,,2023-05-15
1,Hammer,2023-05-15
1,Hammer,2023-05-15
1,Hammer,2023-05-15
1,Hammer,2023-05-15
1,Hammer,2023-05-15
,,2023-05-15
,,2023-05-15
,,2023-05-15
1,Hammer,2023-05-15
1,Hammer,2023-05-15
1,Hammer,2023-05-15
1,Hammer,2023-05-15
1,Hammer,2023-05-15
1,Hammer,2023-05-15
1,Hammer,2023-05-15
1,Hammer,2023-05-15
1,Hammer,2023-05-15
1,Hammer,2023-05-15
1,Hammer,2023-05-15
1,Hammer,2023-05-15
1,Hammer,2023-05-15
1,Hammer,2023-05-15
1,Hammer,2023-05-15
1,Hammer,2023-05-15
1,Hammer,2023-05-15
1,Hammer,2023-05-15
1,Hammer,2023-05-15
1,Hammer,2023-05-15
1,Hammer,2023-05-15
1,Hammer,2023-05-15
1,Hammer,2023-05-15
1,Hammer,2023-05-15
,,2023-05-15
1,Hammer,2023-05-15
1,Hammer,2023-05-15
1,Hammer,2023-05-15
,,2023-05-15
1,Hammer,2023-05-15
1,Hammer,2023-05-15
1,Hammer,2023-05-15
1,Hammer,2023-05-15
,,2023-05-15
1,Hammer,2023-05-15
1,Hammer,2023-05-15
1,Hammer,2023-05-15
1,Hammer,2023-05-15
1,Hammer,2023-05-15
1,Hammer,2023-05-15
1,Hammer,2023-05-15
1,Hammer,2023-05-15
1,Hammer,2023-05-15
1,Hammer,2023-05-15
1,Hammer,2023-05-15
1,Hammer,2023-05-15
1,Hammer,2023-05-15
1,Hammer,2023-05-15
1,Hammer,2023-05-15
1,Hammer,2023-05-15
1,Hammer,2023-05-15
1,Hammer,2023-05-15
1,Hammer,2023-05-15
1,Hammer,2023-05-15
1,Hammer,2023-05-15
1,Hammer,2023-05-15
1,Hammer,2023-05-15
1,Hammer,2023-05-15
1,Hammer,2023-05-15
1,Hammer,2023-05-15
1,Hammer,2023-05-15
1,Hammer,2023-05-15
1,Hammer,2023-05-15
1,Hammer,2023-05-15
1,Hammer,2023-05-15
1,Hammer,2023-05-15
1,Hammer,2023-05-15
1,Hammer,2023-05-15
,,2023-05-15
,,2023-05-15
1,Hammer,2023-05-15
,,2023-05-15
1,Hammer,2023-05-15
1,Hammer,2023-05-15
1,Hammer,2023-05-15
1,Hammer,2023-05-15
1,Hammer,2023-05-15
1,Hammer,2023-05-15
1,Hammer,2023-05-15
,,2023-05-15
1,Hammer,2023-05-15
1,Hammer,2023-05-15
1,Hammer,2023-05-15
1,Hammer,2023-05-15
1,Hammer,2023-05-15
,,2023-05-15
1,Hammer,2023-05-15
,,2023-05-15
,,2023-05-15
1,Hammer,2023-05-15
1,Hammer,2023-05-15
1,Hammer,2023-05-15
1,Hammer,2023-05-15
1,Hammer,2023-05-15
1,Hammer,2023-05-15
,,2023-05-15
1,Hammer,2023-05-15
1,Hammer,2023-05-15
,,2023-05-15
,,2023-05-15
1,Hammer,2023-05-15
1,Hammer,2023-05-15
1,Hammer,2023-05-15
1,Hammer,2023-05-15
1,Hammer,2023-05-15
1,Hammer,2023-05-15
1,Hammer,2023-05-15
1,Hammer,2023-05-15
1,Hammer,2023-05-15
1,Hammer,2023-05-15
1,Hammer,2023-05-15
1,Hammer,2023-05-15
1,Hammer,2023-05-15
1,Hammer,2023-05-15
1,Hammer,2023-05-15
1,Hammer,2023-05-15
1,Hammer,2023-05-15
1,Hammer,2023-05-15
1,Hammer,2023-05-15
,,2023-05-15
1,Hammer,2023-05-15
1,Hammer,2023-05-15
1,Hammer,2023-05-15
1,Hammer,2023-05-15
1,Hammer,2023-05-15
,,2023-05-15
,,2023-05-15
1,Hammer,2023-05-15
1,Hammer,2023-05-15
1,Hammer,2023-05-15
1,Hammer,2023-05-15
1,Hammer,2023-05-15
,,2023-05-15
,,2023-05-15
,,2023-05-15
,,2023-05-15
1,Hammer,2023-05-15
1,Hammer,2023-05-15
1,Hammer,2023-05-15
1,Hammer,2023-05-15
1,Hammer,2023-05-15
1,Hammer,2023-05-15
,,2023-05-15
1,Hammer,2023-05-15
1,Hammer,2023-05-15
1,Hammer,2023-05-15
1,Hammer,2023-05-15
,,2023-05-15
1,Hammer,2023-05-15
,,2023-05-15
1,Hammer,2023-05-15
,,2023-05-15
1,Hammer,2023-05-15
1,Hammer,2023-05-15
1,Hammer,2023-05-15
1,Hammer,2023-05-15
1,Hammer,2023-05-15
1,Hammer,2023-05-15
1,Hammer,2023-05-15
1,Hammer,2023-05-15
1,Hammer,2023-05-15
1,Hammer,2023-05-15
1,Hammer,2023-05-15
1,Hammer,2023-05-15
1,Hammer,2023-05-15
,,2023-05-15
1,Hammer,2023-05-15
1,Hammer,2023-05-15
1,Hammer,2023-05-15
1,Hammer,2023-05-15
1,Hammer,2023-05-15
1,Hammer,2023-05-15
,,2023-05-15
1,Hammer,2023-05-15
,,2023-05-15
1,Hammer,2023-05-15
1,Hammer,2023-05-15
1,Hammer,2023-05-15
1,Hammer,2023-05-15
1,Hammer,2023-05-15
1,Hammer,2023-05-15
1,Hammer,2023-05-15
1,Hammer,2023-05-15
,,2023-05-15
1,Hammer,2023-05-15
1,Hammer,2023-05-15
1,Hammer,2023-05-15
1,Hammer,2023-05-15
1,Hammer,2023-05-15
1,Hammer,2023-05-15
1,Hammer,2023-05-15
1,Hammer,2023-05-15
1,Hammer,2023-05-15
1,Hammer,2023-05-15
1,Hammer,2023-05-15
1,Hammer,2023-05-15
1,Hammer,2023-05-15
1,Hammer,2023-05-15
1,Hammer,2023-05-15
1,Hammer,2023-05-15
1,Hammer,2023-05-15
1,Hammer,2023-05-15
1,Hammer,2023-05-15
1,Hammer,2023-05-15
1,Hammer,2023-05-15
1,Hammer,2023-05-15
1,Hammer,2023-05-15
1,Hammer,2023-05-15
1,Hammer,2023-05-15
1,Hammer,2023-05-15
1,Hammer,2023-05-15
,,2023-05-15
1,Hammer,2023-05-15
1,Hammer,2023-05-15
1,Hammer,2023-05-15
1,Hammer,2023-05-15
1,Hammer,2023-05-15
1,Hammer,2023-05-15
,,2023-05-15
1,Hammer,2023-05-15
1,Hammer,2023-05-15
1,Hammer,2023-05-15
1,Hammer,2023-05-15
1,Hammer,2023-05-15
,,2023-05-15
1,Hammer,2023-05-15
1,Hammer,2023-05-15
1,Hammer,2023-05-15
1,Hammer,2023-05-15
1,Hammer,2023-05-15
1,Hammer,2023-05-15
1,Hammer,2023-05-15
1,Hammer,2023-05-15
1,Hammer,2023-05-15
1,Hammer,2023-05-15
1,Hammer,2023-05-15
,,2023-05-15
1,Hammer,2023-05-15
,,2023-05-15
1,Hammer,2023-05-15
1,Hammer,2023-05-15
1,Hammer,2023-05-15
1,Hammer,2023-05-15
,,2023-05-15
1,Hammer,2023-05-15
1,Hammer,2023-05-15
1,Hammer,2023-05-15
1,Hammer,2023-05-15
1,Hammer,2023-05-15
1,Hammer,2023-05-15
1,Hammer,2023-05-15
1,Hammer,2023-05-15
1,Hammer,2023-05-15
1,Hammer,2023-05-15
1,Hammer,2023-05-15
1,Hammer,2023-05-15
1,Hammer,2023-05-15
1,Hammer,2023-05-15
1,Hammer,2023-05-15
1,Hammer,2023-05-15
1,Hammer,2023-05-15
1,Hammer,2023-05-15
1,Hammer,2023-05-15
1,Hammer,2023-05-15
1,Hammer,2023-05-15
1,Hammer,2023-05-15
1,Hammer,2023-05-15
,,2023-05-15
,,2023-05-15
,,2023-05-15
1,Hammer,2023-05-15
1,Hammer,2023-05-15
,,2023-05-15
1,Hammer,2023-05-15
1,Hammer,2023-05-15
1,Hammer,2023-05-15
1,Hammer,2023-05-15
1,Hammer,2023-05-15
,,2023-05-15
,,2023-05-15
,,2023-05-15
,,2023-05-15
,,2023-05-15
,,2023-05-15
,,2023-05-15
,,2023-05-15
,,2023-05-15
,,2023-05-15
,,2023-05-15
,,2023-05-15
,,2023-05-15
,,2023-05-15
,,2023-05-15
,,2023-05-15
,,2023-05-15
,,2023-05-15
,,2023-05-15
,,2023-05-15
,,2023-05-15
,,2023-05-15
,,2023-05-15
,,2023-05-15
,,2023-05-15
,,2023-05-15
,,2023-05-15
TScanned ID,TScanned Name,TCheck In
,,2023-05-23
,,2023-05-23
,,2023-05-23
,,2023-05-23
,,2023-05-23
,,2023-05-23
,,2023-05-23
TScanned ID,TScanned Name,TCheck In
,,2023-06-18
,,2023-06-18
,,2023-06-18
,,2023-06-18
13,Piler-type cutting tools,2023-06-18
13,Piler-type cutting tools,2023-06-18
13,Piler-type cutting tools,2023-06-18
13,Piler-type cutting tools,2023-06-18
13,Piler-type cutting tools,2023-06-18
13,Piler-type cutting tools,2023-06-18
13,Piler-type cutting tools,2023-06-18
13,Piler-type cutting tools,2023-06-18
13,Piler-type cutting tools,2023-06-18
13,Piler-type cutting tools,2023-06-18
13,Piler-type cutting tools,2023-06-18
13,Piler-type cutting tools,2023-06-18
13,Piler-type cutting tools,2023-06-18
13,Piler-type cutting tools,2023-06-18
13,Piler-type cutting tools,2023-06-18
,,2023-06-18
,,2023-06-18
,,2023-06-18
13,Piler-type cutting tools,2023-06-18
13,Piler-type cutting tools,2023-06-18
13,Piler-type cutting tools,2023-06-18
13,Piler-type cutting tools,2023-06-18
13,Piler-type cutting tools,2023-06-18
13,Piler-type cutting tools,2023-06-18
13,Piler-type cutting tools,2023-06-18
13,Piler-type cutting tools,2023-06-18
13,Piler-type cutting tools,2023-06-18
13,Piler-type cutting tools,2023-06-18
13,Piler-type cutting tools,2023-06-18
13,Piler-type cutting tools,2023-06-18
13,Piler-type cutting tools,2023-06-18
13,Piler-type cutting tools,2023-06-18
13,Piler-type cutting tools,2023-06-18
13,Piler-type cutting tools,2023-06-18
,,2023-06-18
13,Piler-type cutting tools,2023-06-18
13,Piler-type cutting tools,2023-06-18
13,Piler-type cutting tools,2023-06-18
13,Piler-type cutting tools,2023-06-18
13,Piler-type cutting tools,2023-06-18
13,Piler-type cutting tools,2023-06-18
13,Piler-type cutting tools,2023-06-18
13,Piler-type cutting tools,2023-06-18
13,Piler-type cutting tools,2023-06-18
13,Piler-type cutting tools,2023-06-18
13,Piler-type cutting tools,2023-06-18
13,Piler-type cutting tools,2023-06-18
13,Piler-type cutting tools,2023-06-18
13,Piler-type cutting tools,2023-06-18
13,Piler-type cutting tools,2023-06-18
13,Piler-type cutting tools,2023-06-18
13,Piler-type cutting tools,2023-06-18
13,Piler-type cutting tools,2023-06-18
13,Piler-type cutting tools,2023-06-18
13,Piler-type cutting tools,2023-06-18
13,Piler-type cutting tools,2023-06-18
13,Piler-type cutting tools,2023-06-18
13,Piler-type cutting tools,2023-06-18
13,Piler-type cutting tools,2023-06-18
13,Piler-type cutting tools,2023-06-18
13,Piler-type cutting tools,2023-06-18
13,Piler-type cutting tools,2023-06-18
13,Piler-type cutting tools,2023-06-18
13,Piler-type cutting tools,2023-06-18
13,Piler-type cutting tools,2023-06-18
13,Piler-type cutting tools,2023-06-18
13,Piler-type cutting tools,2023-06-18
13,Piler-type cutting tools,2023-06-18
13,Piler-type cutting tools,2023-06-18
13,Piler-type cutting tools,2023-06-18
